,Week_Index,Week_Ending,Vehicle,Ending_Mileage,Pred_Ending_Mileage
0,1,2021-10-02,160,66002.0,66002.0
1,2,2021-10-09,160,66037.0,66037.0
2,3,2021-10-16,160,66063.0,66063.0
3,4,2021-10-23,160,66131.0,66131.0
4,5,2021-10-30,160,66246.0,66246.0
5,6,2021-11-06,160,66315.0,66315.0
6,7,2021-11-13,160,66361.0,66361.0
7,8,2021-11-20,160,66442.0,66442.0
8,9,2021-11-27,160,,66478.0
9,10,2021-12-04,160,66514.0,66514.0
10,11,2021-12-11,160,66570.0,66570.0
11,12,2021-12-18,160,66629.0,66629.0
12,13,2021-12-25,160,66667.0,66667.0
13,14,2022-01-01,160,66707.0,66707.0
14,15,2022-01-08,160,66776.0,66776.0
15,16,2022-01-15,160,66839.0,66839.0
16,17,2022-01-22,160,66885.0,66885.0
17,18,2022-01-29,160,66942.0,66942.0
18,19,2022-02-05,160,67700.0,67700.0
19,20,2022-02-12,160,67057.0,67057.0
20,21,2022-02-19,160,67115.0,67115.0
21,22,2022-02-26,160,67177.0,67177.0
22,23,2022-03-05,160,67234.0,67234.0
23,24,2022-03-12,160,67292.0,67292.0
24,25,2022-03-19,160,67332.0,67332.0
25,26,2022-03-26,160,,67354.5
26,27,2022-04-02,160,67377.0,67377.0
27,28,2022-04-09,160,,67377.0
28,29,2022-04-16,160,,67377.0
0,1,2021-10-02,174,154342.0,154342.0
1,2,2021-10-09,174,154914.0,154914.0
2,3,2021-10-16,174,155602.0,155602.0
3,4,2021-10-23,174,156400.0,156400.0
4,5,2021-10-30,174,157105.0,157105.0
5,6,2021-11-06,174,157600.0,157600.0
6,7,2021-11-13,174,,158049.0
7,8,2021-11-20,174,158498.0,158498.0
8,9,2021-11-27,174,158900.0,158900.0
9,10,2021-12-04,174,,159317.33333333334
10,11,2021-12-11,174,,159734.66666666666
11,12,2021-12-18,174,160152.0,160152.0
12,13,2021-12-25,174,160535.0,160535.0
13,14,2022-01-01,174,160931.0,160931.0
14,15,2022-01-08,174,161420.0,161420.0
15,16,2022-01-15,174,161910.0,161910.0
16,17,2022-01-22,174,162421.0,162421.0
17,18,2022-01-29,174,163023.0,163023.0
18,19,2022-02-05,174,163456.0,163456.0
19,20,2022-02-12,174,164100.0,164100.0
20,21,2022-02-19,174,164613.0,164613.0
21,22,2022-02-26,174,165070.0,165070.0
22,23,2022-03-05,174,165543.0,165543.0
23,24,2022-03-12,174,165911.0,165911.0
24,25,2022-03-19,174,166378.0,166378.0
25,26,2022-03-26,174,,166378.0
26,27,2022-04-02,174,,166378.0
27,28,2022-04-09,174,,166378.0
28,29,2022-04-16,174,,166378.0
0,1,2021-10-02,179,187562.0,187562.0
1,2,2021-10-09,179,187712.0,187712.0
2,3,2021-10-16,179,188252.0,188252.0
3,4,2021-10-23,179,188322.0,188322.0
4,5,2021-10-30,179,,188832.0
5,6,2021-11-06,179,189342.0,189342.0
6,7,2021-11-13,179,,189402.0
7,8,2021-11-20,179,189462.0,189462.0
8,9,2021-11-27,179,189632.0,189632.0
9,10,2021-12-04,179,189792.0,189792.0
10,11,2021-12-11,179,190050.0,190050.0
11,12,2021-12-18,179,190235.0,190235.0
12,13,2021-12-25,179,190295.0,190295.0
13,14,2022-01-01,179,,190481.66666666666
14,15,2022-01-08,179,,190668.33333333334
15,16,2022-01-15,179,190855.0,190855.0
16,17,2022-01-22,179,191125.0,191125.0
17,18,2022-01-29,179,,191170.0
18,19,2022-02-05,179,191215.0,191215.0
19,20,2022-02-12,179,191680.0,191680.0
20,21,2022-02-19,179,191836.0,191836.0
21,22,2022-02-26,179,192031.0,192031.0
22,23,2022-03-05,179,,192031.0
23,24,2022-03-12,179,,192031.0
24,25,2022-03-19,179,,192031.0
25,26,2022-03-26,179,,192031.0
26,27,2022-04-02,179,,192031.0
27,28,2022-04-09,179,,192031.0
28,29,2022-04-16,179,,192031.0
0,1,2021-10-02,184,126543.0,126543.0
1,2,2021-10-09,184,126959.0,126959.0
2,3,2021-10-16,184,127443.0,127443.0
3,4,2021-10-23,184,127801.0,127801.0
4,5,2021-10-30,184,128059.0,128059.0
5,6,2021-11-06,184,128463.0,128463.0
6,7,2021-11-13,184,128910.0,128910.0
7,8,2021-11-20,184,129315.0,129315.0
8,9,2021-11-27,184,129568.0,129568.0
9,10,2021-12-04,184,129913.0,129913.0
10,11,2021-12-11,184,,130255.0
11,12,2021-12-18,184,130597.0,130597.0
12,13,2021-12-25,184,130732.0,130732.0
13,14,2022-01-01,184,130910.0,130910.0
14,15,2022-01-08,184,131058.0,131058.0
15,16,2022-01-15,184,131310.0,131310.0
16,17,2022-01-22,184,131410.0,131410.0
17,18,2022-01-29,184,131529.0,131529.0
18,19,2022-02-05,184,131770.0,131770.0
19,20,2022-02-12,184,132205.0,132205.0
20,21,2022-02-19,184,132533.0,132533.0
21,22,2022-02-26,184,132743.0,132743.0
22,23,2022-03-05,184,133138.0,133138.0
23,24,2022-03-12,184,133481.0,133481.0
24,25,2022-03-19,184,133895.0,133895.0
25,26,2022-03-26,184,134294.0,134294.0
26,27,2022-04-02,184,,134294.0
27,28,2022-04-09,184,,134294.0
28,29,2022-04-16,184,,134294.0
0,1,2021-10-02,185,,
1,2,2021-10-09,185,,
2,3,2021-10-16,185,124811.0,124811.0
3,4,2021-10-23,185,,124996.0
4,5,2021-10-30,185,125181.0,125181.0
5,6,2021-11-06,185,125266.0,125266.0
6,7,2021-11-13,185,125436.0,125436.0
7,8,2021-11-20,185,125744.0,125744.0
8,9,2021-11-27,185,125912.0,125912.0
9,10,2021-12-04,185,126172.0,126172.0
10,11,2021-12-11,185,126462.0,126462.0
11,12,2021-12-18,185,126601.0,126601.0
12,13,2021-12-25,185,,126889.0
13,14,2022-01-01,185,,127177.0
14,15,2022-01-08,185,,127465.0
15,16,2022-01-15,185,127753.0,127753.0
16,17,2022-01-22,185,127960.0,127960.0
17,18,2022-01-29,185,128133.0,128133.0
18,19,2022-02-05,185,128327.0,128327.0
19,20,2022-02-12,185,128642.0,128642.0
20,21,2022-02-19,185,128943.0,128943.0
21,22,2022-02-26,185,128966.0,128966.0
22,23,2022-03-05,185,129637.0,129637.0
23,24,2022-03-12,185,130105.0,130105.0
24,25,2022-03-19,185,130676.0,130676.0
25,26,2022-03-26,185,131350.0,131350.0
26,27,2022-04-02,185,,131350.0
27,28,2022-04-09,185,,131350.0
28,29,2022-04-16,185,,131350.0
0,1,2021-10-02,186,,
1,2,2021-10-09,186,116308.0,116308.0
2,3,2021-10-16,186,116802.0,116802.0
3,4,2021-10-23,186,117262.0,117262.0
4,5,2021-10-30,186,117732.0,117732.0
5,6,2021-11-06,186,118164.0,118164.0
6,7,2021-11-13,186,118560.0,118560.0
7,8,2021-11-20,186,119327.0,119327.0
8,9,2021-11-27,186,119774.0,119774.0
9,10,2021-12-04,186,120532.0,120532.0
10,11,2021-12-11,186,121087.0,121087.0
11,12,2021-12-18,186,121550.0,121550.0
12,13,2021-12-25,186,,122012.5
13,14,2022-01-01,186,,122475.0
14,15,2022-01-08,186,,122937.5
15,16,2022-01-15,186,123400.0,123400.0
16,17,2022-01-22,186,124224.0,124224.0
17,18,2022-01-29,186,124714.0,124714.0
18,19,2022-02-05,186,125196.0,125196.0
19,20,2022-02-12,186,,125670.0
20,21,2022-02-19,186,126144.0,126144.0
21,22,2022-02-26,186,126629.0,126629.0
22,23,2022-03-05,186,127379.0,127379.0
23,24,2022-03-12,186,127935.0,127935.0
24,25,2022-03-19,186,,128567.5
25,26,2022-03-26,186,129200.0,129200.0
26,27,2022-04-02,186,130074.0,130074.0
27,28,2022-04-09,186,130574.0,130574.0
28,29,2022-04-16,186,130809.0,130809.0
0,1,2021-10-02,187,,
1,2,2021-10-09,187,134125.0,134125.0
2,3,2021-10-16,187,134770.0,134770.0
3,4,2021-10-23,187,135171.0,135171.0
4,5,2021-10-30,187,135687.0,135687.0
5,6,2021-11-06,187,136120.0,136120.0
6,7,2021-11-13,187,136515.0,136515.0
7,8,2021-11-20,187,136882.0,136882.0
8,9,2021-11-27,187,137022.0,137022.0
9,10,2021-12-04,187,137351.0,137351.0
10,11,2021-12-11,187,137477.0,137477.0
11,12,2021-12-18,187,137557.0,137557.0
12,13,2021-12-25,187,,137733.5
13,14,2022-01-01,187,,137910.0
14,15,2022-01-08,187,,138086.5
15,16,2022-01-15,187,138263.0,138263.0
16,17,2022-01-22,187,138483.0,138483.0
17,18,2022-01-29,187,138760.0,138760.0
18,19,2022-02-05,187,,138885.66666666666
19,20,2022-02-12,187,,139011.33333333334
20,21,2022-02-19,187,139137.0,139137.0
21,22,2022-02-26,187,139266.0,139266.0
22,23,2022-03-05,187,139641.0,139641.0
23,24,2022-03-12,187,139965.0,139965.0
24,25,2022-03-19,187,140078.0,140078.0
25,26,2022-03-26,187,140680.0,140680.0
26,27,2022-04-02,187,141298.0,141298.0
27,28,2022-04-09,187,141678.0,141678.0
28,29,2022-04-16,187,142074.0,142074.0
0,1,2021-10-02,190,,
1,2,2021-10-09,190,124034.0,124034.0
2,3,2021-10-16,190,124523.0,124523.0
3,4,2021-10-23,190,125084.0,125084.0
4,5,2021-10-30,190,125604.0,125604.0
5,6,2021-11-06,190,126140.0,126140.0
6,7,2021-11-13,190,126727.0,126727.0
7,8,2021-11-20,190,127277.0,127277.0
8,9,2021-11-27,190,,127685.0
9,10,2021-12-04,190,128093.0,128093.0
10,11,2021-12-11,190,128472.0,128472.0
11,12,2021-12-18,190,128812.0,128812.0
12,13,2021-12-25,190,,129121.75
13,14,2022-01-01,190,,129431.5
14,15,2022-01-08,190,,129741.25
15,16,2022-01-15,190,130051.0,130051.0
16,17,2022-01-22,190,130397.0,130397.0
17,18,2022-01-29,190,130631.0,130631.0
18,19,2022-02-05,190,,130831.5
19,20,2022-02-12,190,131032.0,131032.0
20,21,2022-02-19,190,131358.0,131358.0
21,22,2022-02-26,190,131512.0,131512.0
22,23,2022-03-05,190,131924.0,131924.0
23,24,2022-03-12,190,132171.0,132171.0
24,25,2022-03-19,190,132474.0,132474.0
25,26,2022-03-26,190,132996.0,132996.0
26,27,2022-04-02,190,133382.0,133382.0
27,28,2022-04-09,190,133966.0,133966.0
28,29,2022-04-16,190,134417.0,134417.0
0,1,2021-10-02,191,,
1,2,2021-10-09,191,218940.0,218940.0
2,3,2021-10-16,191,219868.0,219868.0
3,4,2021-10-23,191,219962.0,219962.0
4,5,2021-10-30,191,220940.0,220940.0
5,6,2021-11-06,191,221720.0,221720.0
6,7,2021-11-13,191,222380.0,222380.0
7,8,2021-11-20,191,223310.0,223310.0
8,9,2021-11-27,191,223720.0,223720.0
9,10,2021-12-04,191,224220.0,224220.0
10,11,2021-12-11,191,224940.0,224940.0
11,12,2021-12-18,191,225600.0,225600.0
12,13,2021-12-25,191,226050.0,226050.0
13,14,2022-01-01,191,226450.0,226450.0
14,15,2022-01-08,191,227050.0,227050.0
15,16,2022-01-15,191,227790.0,227790.0
16,17,2022-01-22,191,228150.0,228150.0
17,18,2022-01-29,191,228450.0,228450.0
18,19,2022-02-05,191,228840.0,228840.0
19,20,2022-02-12,191,230040.0,230040.0
20,21,2022-02-19,191,,230333.33333333334
21,22,2022-02-26,191,,230626.66666666666
22,23,2022-03-05,191,230920.0,230920.0
23,24,2022-03-12,191,231260.0,231260.0
24,25,2022-03-19,191,231850.0,231850.0
25,26,2022-03-26,191,232330.0,232330.0
26,27,2022-04-02,191,,232330.0
27,28,2022-04-09,191,,232330.0
28,29,2022-04-16,191,,232330.0
0,1,2021-10-02,192,137008.0,137008.0
1,2,2021-10-09,192,137673.0,137673.0
2,3,2021-10-16,192,,138194.0
3,4,2021-10-23,192,138715.0,138715.0
4,5,2021-10-30,192,139091.0,139091.0
5,6,2021-11-06,192,139517.0,139517.0
6,7,2021-11-13,192,139983.0,139983.0
7,8,2021-11-20,192,140536.0,140536.0
8,9,2021-11-27,192,140818.0,140818.0
9,10,2021-12-04,192,141167.0,141167.0
10,11,2021-12-11,192,141555.0,141555.0
11,12,2021-12-18,192,142208.0,142208.0
12,13,2021-12-25,192,142659.0,142659.0
13,14,2022-01-01,192,143026.0,143026.0
14,15,2022-01-08,192,143473.0,143473.0
15,16,2022-01-15,192,143929.0,143929.0
16,17,2022-01-22,192,144450.0,144450.0
17,18,2022-01-29,192,144847.0,144847.0
18,19,2022-02-05,192,145095.0,145095.0
19,20,2022-02-12,192,145501.0,145501.0
20,21,2022-02-19,192,146306.0,146306.0
21,22,2022-02-26,192,146783.0,146783.0
22,23,2022-03-05,192,147459.0,147459.0
23,24,2022-03-12,192,147998.0,147998.0
24,25,2022-03-19,192,148298.0,148298.0
25,26,2022-03-26,192,,148298.0
26,27,2022-04-02,192,,148298.0
27,28,2022-04-09,192,,148298.0
28,29,2022-04-16,192,,148298.0
0,1,2021-10-02,193,123403.0,123403.0
1,2,2021-10-09,193,124228.0,124228.0
2,3,2021-10-16,193,124952.0,124952.0
3,4,2021-10-23,193,125669.0,125669.0
4,5,2021-10-30,193,126014.0,126014.0
5,6,2021-11-06,193,126870.0,126870.0
6,7,2021-11-13,193,127476.0,127476.0
7,8,2021-11-20,193,127854.0,127854.0
8,9,2021-11-27,193,128002.0,128002.0
9,10,2021-12-04,193,128149.0,128149.0
10,11,2021-12-11,193,,128306.0
11,12,2021-12-18,193,128463.0,128463.0
12,13,2021-12-25,193,128708.0,128708.0
13,14,2022-01-01,193,129011.0,129011.0
14,15,2022-01-08,193,129730.0,129730.0
15,16,2022-01-15,193,130150.0,130150.0
16,17,2022-01-22,193,130481.0,130481.0
17,18,2022-01-29,193,130679.0,130679.0
18,19,2022-02-05,193,130778.0,130778.0
19,20,2022-02-12,193,131063.0,131063.0
20,21,2022-02-19,193,131472.0,131472.0
21,22,2022-02-26,193,131541.0,131541.0
22,23,2022-03-05,193,132059.0,132059.0
23,24,2022-03-12,193,132462.0,132462.0
24,25,2022-03-19,193,132825.0,132825.0
25,26,2022-03-26,193,149532.0,149532.0
26,27,2022-04-02,193,149627.0,149627.0
27,28,2022-04-09,193,,149627.0
28,29,2022-04-16,193,,149627.0
0,1,2021-10-02,195,130338.0,130338.0
1,2,2021-10-09,195,130901.0,130901.0
2,3,2021-10-16,195,131435.0,131435.0
3,4,2021-10-23,195,132218.0,132218.0
4,5,2021-10-30,195,132628.0,132628.0
5,6,2021-11-06,195,133171.0,133171.0
6,7,2021-11-13,195,133619.0,133619.0
7,8,2021-11-20,195,134546.0,134546.0
8,9,2021-11-27,195,134918.0,134918.0
9,10,2021-12-04,195,135368.0,135368.0
10,11,2021-12-11,195,136071.0,136071.0
11,12,2021-12-18,195,136783.0,136783.0
12,13,2021-12-25,195,137129.0,137129.0
13,14,2022-01-01,195,137668.0,137668.0
14,15,2022-01-08,195,137887.0,137887.0
15,16,2022-01-15,195,,138313.85714285713
16,17,2022-01-22,195,,138740.7142857143
17,18,2022-01-29,195,,139167.57142857142
18,19,2022-02-05,195,,139594.42857142858
19,20,2022-02-12,195,,140021.2857142857
20,21,2022-02-19,195,,140448.14285714287
21,22,2022-02-26,195,140875.0,140875.0
22,23,2022-03-05,195,,141317.0
23,24,2022-03-12,195,141759.0,141759.0
24,25,2022-03-19,195,142543.0,142543.0
25,26,2022-03-26,195,143241.0,143241.0
26,27,2022-04-02,195,144260.0,144260.0
27,28,2022-04-09,195,,144260.0
28,29,2022-04-16,195,,144260.0
0,1,2021-10-02,198,,
1,2,2021-10-09,198,,
2,3,2021-10-16,198,,
3,4,2021-10-23,198,,
4,5,2021-10-30,198,,
5,6,2021-11-06,198,91810.0,91810.0
6,7,2021-11-13,198,92274.0,92274.0
7,8,2021-11-20,198,92767.0,92767.0
8,9,2021-11-27,198,93382.0,93382.0
9,10,2021-12-04,198,93945.0,93945.0
10,11,2021-12-11,198,94447.0,94447.0
11,12,2021-12-18,198,94840.0,94840.0
12,13,2021-12-25,198,95131.0,95131.0
13,14,2022-01-01,198,,95589.0
14,15,2022-01-08,198,96047.0,96047.0
15,16,2022-01-15,198,96482.0,96482.0
16,17,2022-01-22,198,96784.0,96784.0
17,18,2022-01-29,198,97027.0,97027.0
18,19,2022-02-05,198,97487.0,97487.0
19,20,2022-02-12,198,97908.0,97908.0
20,21,2022-02-19,198,98108.0,98108.0
21,22,2022-02-26,198,,98108.0
22,23,2022-03-05,198,,98108.0
23,24,2022-03-12,198,,98108.0
24,25,2022-03-19,198,,98108.0
25,26,2022-03-26,198,,98108.0
26,27,2022-04-02,198,,98108.0
27,28,2022-04-09,198,,98108.0
28,29,2022-04-16,198,,98108.0
0,1,2021-10-02,200,135824.0,135824.0
1,2,2021-10-09,200,136192.0,136192.0
2,3,2021-10-16,200,136524.0,136524.0
3,4,2021-10-23,200,137063.0,137063.0
4,5,2021-10-30,200,137348.0,137348.0
5,6,2021-11-06,200,138014.0,138014.0
6,7,2021-11-13,200,138369.0,138369.0
7,8,2021-11-20,200,138606.0,138606.0
8,9,2021-11-27,200,,138772.0
9,10,2021-12-04,200,138938.0,138938.0
10,11,2021-12-11,200,139298.0,139298.0
11,12,2021-12-18,200,139512.0,139512.0
12,13,2021-12-25,200,139621.0,139621.0
13,14,2022-01-01,200,139842.0,139842.0
14,15,2022-01-08,200,140062.0,140062.0
15,16,2022-01-15,200,140288.0,140288.0
16,17,2022-01-22,200,,140415.0
17,18,2022-01-29,200,140542.0,140542.0
18,19,2022-02-05,200,140705.0,140705.0
19,20,2022-02-12,200,,141071.0
20,21,2022-02-19,200,141437.0,141437.0
21,22,2022-02-26,200,,141722.0
22,23,2022-03-05,200,142007.0,142007.0
23,24,2022-03-12,200,142309.0,142309.0
24,25,2022-03-19,200,142559.0,142559.0
25,26,2022-03-26,200,,142559.0
26,27,2022-04-02,200,,142559.0
27,28,2022-04-09,200,,142559.0
28,29,2022-04-16,200,,142559.0
0,1,2021-10-02,203,,
1,2,2021-10-09,203,,
2,3,2021-10-16,203,67506.0,67506.0
3,4,2021-10-23,203,,67854.0
4,5,2021-10-30,203,,68202.0
5,6,2021-11-06,203,68550.0,68550.0
6,7,2021-11-13,203,68885.0,68885.0
7,8,2021-11-20,203,,69122.5
8,9,2021-11-27,203,69360.0,69360.0
9,10,2021-12-04,203,69931.0,69931.0
10,11,2021-12-11,203,70421.0,70421.0
11,12,2021-12-18,203,70899.0,70899.0
12,13,2021-12-25,203,71108.0,71108.0
13,14,2022-01-01,203,71218.0,71218.0
14,15,2022-01-08,203,71781.0,71781.0
15,16,2022-01-15,203,72187.0,72187.0
16,17,2022-01-22,203,72639.0,72639.0
17,18,2022-01-29,203,73111.0,73111.0
18,19,2022-02-05,203,73678.0,73678.0
19,20,2022-02-12,203,74239.0,74239.0
20,21,2022-02-19,203,74559.0,74559.0
21,22,2022-02-26,203,74818.0,74818.0
22,23,2022-03-05,203,75317.0,75317.0
23,24,2022-03-12,203,,75646.5
24,25,2022-03-19,203,75976.0,75976.0
25,26,2022-03-26,203,76381.0,76381.0
26,27,2022-04-02,203,76688.0,76688.0
27,28,2022-04-09,203,,76688.0
28,29,2022-04-16,203,,76688.0
0,1,2021-10-02,204,107010.0,107010.0
1,2,2021-10-09,204,107700.0,107700.0
2,3,2021-10-16,204,108310.0,108310.0
3,4,2021-10-23,204,108460.0,108460.0
4,5,2021-10-30,204,108690.0,108690.0
5,6,2021-11-06,204,108860.0,108860.0
6,7,2021-11-13,204,109050.0,109050.0
7,8,2021-11-20,204,109250.0,109250.0
8,9,2021-11-27,204,109450.0,109450.0
9,10,2021-12-04,204,109700.0,109700.0
10,11,2021-12-11,204,109960.0,109960.0
11,12,2021-12-18,204,110110.0,110110.0
12,13,2021-12-25,204,110410.0,110410.0
13,14,2022-01-01,204,110665.0,110665.0
14,15,2022-01-08,204,110920.0,110920.0
15,16,2022-01-15,204,111220.0,111220.0
16,17,2022-01-22,204,111500.0,111500.0
17,18,2022-01-29,204,111860.0,111860.0
18,19,2022-02-05,204,112190.0,112190.0
19,20,2022-02-12,204,,112605.0
20,21,2022-02-19,204,113020.0,113020.0
21,22,2022-02-26,204,113420.0,113420.0
22,23,2022-03-05,204,113760.0,113760.0
23,24,2022-03-12,204,114200.0,114200.0
24,25,2022-03-19,204,114570.0,114570.0
25,26,2022-03-26,204,115115.0,115115.0
26,27,2022-04-02,204,,115115.0
27,28,2022-04-09,204,,115115.0
28,29,2022-04-16,204,,115115.0
0,1,2021-10-02,205,96725.0,96725.0
1,2,2021-10-09,205,97666.0,97666.0
2,3,2021-10-16,205,98887.0,98887.0
3,4,2021-10-23,205,99793.0,99793.0
4,5,2021-10-30,205,100636.0,100636.0
5,6,2021-11-06,205,,101427.0
6,7,2021-11-13,205,102218.0,102218.0
7,8,2021-11-20,205,102711.0,102711.0
8,9,2021-11-27,205,,103075.0
9,10,2021-12-04,205,103439.0,103439.0
10,11,2021-12-11,205,103977.0,103977.0
11,12,2021-12-18,205,104565.0,104565.0
12,13,2021-12-25,205,105157.0,105157.0
13,14,2022-01-01,205,105830.0,105830.0
14,15,2022-01-08,205,,105984.16666666667
15,16,2022-01-15,205,,106138.33333333333
16,17,2022-01-22,205,,106292.5
17,18,2022-01-29,205,,106446.66666666667
18,19,2022-02-05,205,,106600.83333333333
19,20,2022-02-12,205,106755.0,106755.0
20,21,2022-02-19,205,106997.0,106997.0
21,22,2022-02-26,205,,107202.0
22,23,2022-03-05,205,,107407.0
23,24,2022-03-12,205,107612.0,107612.0
24,25,2022-03-19,205,107976.0,107976.0
25,26,2022-03-26,205,108359.0,108359.0
26,27,2022-04-02,205,108822.0,108822.0
27,28,2022-04-09,205,,109569.5
28,29,2022-04-16,205,110317.0,110317.0
0,1,2021-10-02,207,77984.0,77984.0
1,2,2021-10-09,207,78154.0,78154.0
2,3,2021-10-16,207,78904.0,78904.0
3,4,2021-10-23,207,79258.0,79258.0
4,5,2021-10-30,207,79630.0,79630.0
5,6,2021-11-06,207,,80025.0
6,7,2021-11-13,207,80420.0,80420.0
7,8,2021-11-20,207,80720.0,80720.0
8,9,2021-11-27,207,80753.0,80753.0
9,10,2021-12-04,207,81137.0,81137.0
10,11,2021-12-11,207,81508.0,81508.0
11,12,2021-12-18,207,81840.0,81840.0
12,13,2021-12-25,207,82014.0,82014.0
13,14,2022-01-01,207,,82290.0
14,15,2022-01-08,207,82566.0,82566.0
15,16,2022-01-15,207,82596.0,82596.0
16,17,2022-01-22,207,82731.0,82731.0
17,18,2022-01-29,207,83107.0,83107.0
18,19,2022-02-05,207,83584.0,83584.0
19,20,2022-02-12,207,84118.0,84118.0
20,21,2022-02-19,207,84315.0,84315.0
21,22,2022-02-26,207,84641.0,84641.0
22,23,2022-03-05,207,85023.0,85023.0
23,24,2022-03-12,207,85378.0,85378.0
24,25,2022-03-19,207,85713.0,85713.0
25,26,2022-03-26,207,86133.0,86133.0
26,27,2022-04-02,207,86485.0,86485.0
27,28,2022-04-09,207,,86485.0
28,29,2022-04-16,207,,86485.0
0,1,2021-10-02,209,,
1,2,2021-10-09,209,68483.0,68483.0
2,3,2021-10-16,209,68907.0,68907.0
3,4,2021-10-23,209,69254.0,69254.0
4,5,2021-10-30,209,,69542.0
5,6,2021-11-06,209,69830.0,69830.0
6,7,2021-11-13,209,70300.0,70300.0
7,8,2021-11-20,209,70806.0,70806.0
8,9,2021-11-27,209,71152.0,71152.0
9,10,2021-12-04,209,71610.0,71610.0
10,11,2021-12-11,209,72083.0,72083.0
11,12,2021-12-18,209,72468.0,72468.0
12,13,2021-12-25,209,,72868.25
13,14,2022-01-01,209,,73268.5
14,15,2022-01-08,209,,73668.75
15,16,2022-01-15,209,74069.0,74069.0
16,17,2022-01-22,209,74477.0,74477.0
17,18,2022-01-29,209,74817.0,74817.0
18,19,2022-02-05,209,75457.0,75457.0
19,20,2022-02-12,209,,75916.5
20,21,2022-02-19,209,76376.0,76376.0
21,22,2022-02-26,209,76831.0,76831.0
22,23,2022-03-05,209,77381.0,77381.0
23,24,2022-03-12,209,77815.0,77815.0
24,25,2022-03-19,209,78194.0,78194.0
25,26,2022-03-26,209,,78856.0
26,27,2022-04-02,209,79518.0,79518.0
27,28,2022-04-09,209,80161.0,80161.0
28,29,2022-04-16,209,80758.0,80758.0
0,1,2021-10-02,212,145620.0,145620.0
1,2,2021-10-09,212,,146537.5
2,3,2021-10-16,212,147455.0,147455.0
3,4,2021-10-23,212,148613.0,148613.0
4,5,2021-10-30,212,149865.0,149865.0
5,6,2021-11-06,212,150674.0,150674.0
6,7,2021-11-13,212,,151161.0
7,8,2021-11-20,212,151648.0,151648.0
8,9,2021-11-27,212,152319.0,152319.0
9,10,2021-12-04,212,153440.0,153440.0
10,11,2021-12-11,212,154367.0,154367.0
11,12,2021-12-18,212,155337.0,155337.0
12,13,2021-12-25,212,,155584.66666666666
13,14,2022-01-01,212,,155832.33333333334
14,15,2022-01-08,212,156080.0,156080.0
15,16,2022-01-15,212,157594.0,157594.0
16,17,2022-01-22,212,158493.0,158493.0
17,18,2022-01-29,212,159498.0,159498.0
18,19,2022-02-05,212,160390.0,160390.0
19,20,2022-02-12,212,161483.0,161483.0
20,21,2022-02-19,212,162513.0,162513.0
21,22,2022-02-26,212,163430.0,163430.0
22,23,2022-03-05,212,164377.0,164377.0
23,24,2022-03-12,212,165219.0,165219.0
24,25,2022-03-19,212,166240.0,166240.0
25,26,2022-03-26,212,167208.0,167208.0
26,27,2022-04-02,212,168234.0,168234.0
27,28,2022-04-09,212,,168234.0
28,29,2022-04-16,212,,168234.0
0,1,2021-10-02,213,129299.0,129299.0
1,2,2021-10-09,213,130018.0,130018.0
2,3,2021-10-16,213,130792.0,130792.0
3,4,2021-10-23,213,131270.0,131270.0
4,5,2021-10-30,213,131931.0,131931.0
5,6,2021-11-06,213,132528.0,132528.0
6,7,2021-11-13,213,133131.0,133131.0
7,8,2021-11-20,213,133869.0,133869.0
8,9,2021-11-27,213,134205.0,134205.0
9,10,2021-12-04,213,134951.0,134951.0
10,11,2021-12-11,213,135513.0,135513.0
11,12,2021-12-18,213,136041.0,136041.0
12,13,2021-12-25,213,136434.0,136434.0
13,14,2022-01-01,213,,136775.5
14,15,2022-01-08,213,137117.0,137117.0
15,16,2022-01-15,213,137886.0,137886.0
16,17,2022-01-22,213,138358.0,138358.0
17,18,2022-01-29,213,139043.0,139043.0
18,19,2022-02-05,213,139673.0,139673.0
19,20,2022-02-12,213,140300.0,140300.0
20,21,2022-02-19,213,140837.0,140837.0
21,22,2022-02-26,213,141393.0,141393.0
22,23,2022-03-05,213,142185.0,142185.0
23,24,2022-03-12,213,142396.0,142396.0
24,25,2022-03-19,213,143122.0,143122.0
25,26,2022-03-26,213,143719.0,143719.0
26,27,2022-04-02,213,144192.0,144192.0
27,28,2022-04-09,213,,144192.0
28,29,2022-04-16,213,,144192.0
0,1,2021-10-02,216,95897.0,95897.0
1,2,2021-10-09,216,95973.0,95973.0
2,3,2021-10-16,216,96268.0,96268.0
3,4,2021-10-23,216,96487.0,96487.0
4,5,2021-10-30,216,96705.0,96705.0
5,6,2021-11-06,216,97178.0,97178.0
6,7,2021-11-13,216,97474.0,97474.0
7,8,2021-11-20,216,97839.0,97839.0
8,9,2021-11-27,216,98084.0,98084.0
9,10,2021-12-04,216,98400.0,98400.0
10,11,2021-12-11,216,98545.0,98545.0
11,12,2021-12-18,216,98897.0,98897.0
12,13,2021-12-25,216,99066.0,99066.0
13,14,2022-01-01,216,99225.0,99225.0
14,15,2022-01-08,216,99369.0,99369.0
15,16,2022-01-15,216,99853.0,99853.0
16,17,2022-01-22,216,100127.0,100127.0
17,18,2022-01-29,216,100463.0,100463.0
18,19,2022-02-05,216,100781.0,100781.0
19,20,2022-02-12,216,100881.0,100881.0
20,21,2022-02-19,216,101141.0,101141.0
21,22,2022-02-26,216,,101141.0
22,23,2022-03-05,216,,101141.0
23,24,2022-03-12,216,,101141.0
24,25,2022-03-19,216,,101141.0
25,26,2022-03-26,216,,101141.0
26,27,2022-04-02,216,,101141.0
27,28,2022-04-09,216,,101141.0
28,29,2022-04-16,216,,101141.0
0,1,2021-10-02,217,,
1,2,2021-10-09,217,77132.0,77132.0
2,3,2021-10-16,217,77425.0,77425.0
3,4,2021-10-23,217,77887.0,77887.0
4,5,2021-10-30,217,78308.0,78308.0
5,6,2021-11-06,217,78671.0,78671.0
6,7,2021-11-13,217,79110.0,79110.0
7,8,2021-11-20,217,79482.0,79482.0
8,9,2021-11-27,217,79700.0,79700.0
9,10,2021-12-04,217,79752.0,79752.0
10,11,2021-12-11,217,79794.0,79794.0
11,12,2021-12-18,217,80329.0,80329.0
12,13,2021-12-25,217,,80705.5
13,14,2022-01-01,217,,81082.0
14,15,2022-01-08,217,,81458.5
15,16,2022-01-15,217,81835.0,81835.0
16,17,2022-01-22,217,82212.0,82212.0
17,18,2022-01-29,217,82397.0,82397.0
18,19,2022-02-05,217,82811.0,82811.0
19,20,2022-02-12,217,,83161.5
20,21,2022-02-19,217,83512.0,83512.0
21,22,2022-02-26,217,83779.0,83779.0
22,23,2022-03-05,217,84161.0,84161.0
23,24,2022-03-12,217,84594.0,84594.0
24,25,2022-03-19,217,85022.0,85022.0
25,26,2022-03-26,217,85469.0,85469.0
26,27,2022-04-02,217,85905.0,85905.0
27,28,2022-04-09,217,86474.0,86474.0
28,29,2022-04-16,217,86965.0,86965.0
0,1,2021-10-02,218,51615.0,51615.0
1,2,2021-10-09,218,51955.0,51955.0
2,3,2021-10-16,218,52357.0,52357.0
3,4,2021-10-23,218,52692.0,52692.0
4,5,2021-10-30,218,52781.0,52781.0
5,6,2021-11-06,218,53107.0,53107.0
6,7,2021-11-13,218,53626.0,53626.0
7,8,2021-11-20,218,54582.0,54582.0
8,9,2021-11-27,218,54594.0,54594.0
9,10,2021-12-04,218,54862.0,54862.0
10,11,2021-12-11,218,55115.0,55115.0
11,12,2021-12-18,218,55272.0,55272.0
12,13,2021-12-25,218,55479.0,55479.0
13,14,2022-01-01,218,,55536.666666666664
14,15,2022-01-08,218,,55594.333333333336
15,16,2022-01-15,218,55652.0,55652.0
16,17,2022-01-22,218,55675.0,55675.0
17,18,2022-01-29,218,55791.0,55791.0
18,19,2022-02-05,218,56149.0,56149.0
19,20,2022-02-12,218,56282.0,56282.0
20,21,2022-02-19,218,56366.0,56366.0
21,22,2022-02-26,218,56423.0,56423.0
22,23,2022-03-05,218,57102.0,57102.0
23,24,2022-03-12,218,57196.0,57196.0
24,25,2022-03-19,218,57345.0,57345.0
25,26,2022-03-26,218,58073.0,58073.0
26,27,2022-04-02,218,58497.0,58497.0
27,28,2022-04-09,218,,58497.0
28,29,2022-04-16,218,,58497.0
0,1,2021-10-02,221,43590.0,43590.0
1,2,2021-10-09,221,43870.0,43870.0
2,3,2021-10-16,221,44140.0,44140.0
3,4,2021-10-23,221,44310.0,44310.0
4,5,2021-10-30,221,44740.0,44740.0
5,6,2021-11-06,221,45150.0,45150.0
6,7,2021-11-13,221,45540.0,45540.0
7,8,2021-11-20,221,45940.0,45940.0
8,9,2021-11-27,221,46100.0,46100.0
9,10,2021-12-04,221,46480.0,46480.0
10,11,2021-12-11,221,46840.0,46840.0
11,12,2021-12-18,221,47600.0,47600.0
12,13,2021-12-25,221,48100.0,48100.0
13,14,2022-01-01,221,48420.0,48420.0
14,15,2022-01-08,221,48820.0,48820.0
15,16,2022-01-15,221,49140.0,49140.0
16,17,2022-01-22,221,49180.0,49180.0
17,18,2022-01-29,221,49330.0,49330.0
18,19,2022-02-05,221,49380.0,49380.0
19,20,2022-02-12,221,49670.0,49670.0
20,21,2022-02-19,221,50100.0,50100.0
21,22,2022-02-26,221,50270.0,50270.0
22,23,2022-03-05,221,50630.0,50630.0
23,24,2022-03-12,221,50820.0,50820.0
24,25,2022-03-19,221,51260.0,51260.0
25,26,2022-03-26,221,51520.0,51520.0
26,27,2022-04-02,221,51900.0,51900.0
27,28,2022-04-09,221,,51900.0
28,29,2022-04-16,221,,51900.0
0,1,2021-10-02,222,35741.0,35741.0
1,2,2021-10-09,222,36163.0,36163.0
2,3,2021-10-16,222,36490.0,36490.0
3,4,2021-10-23,222,36982.0,36982.0
4,5,2021-10-30,222,37688.0,37688.0
5,6,2021-11-06,222,,37949.666666666664
6,7,2021-11-13,222,,38211.333333333336
7,8,2021-11-20,222,,38473.0
8,9,2021-11-27,222,,38734.666666666664
9,10,2021-12-04,222,,38996.333333333336
10,11,2021-12-11,222,39258.0,39258.0
11,12,2021-12-18,222,,39818.5
12,13,2021-12-25,222,40379.0,40379.0
13,14,2022-01-01,222,40684.0,40684.0
14,15,2022-01-08,222,41188.0,41188.0
15,16,2022-01-15,222,4174.0,4174.0
16,17,2022-01-22,222,42263.0,42263.0
17,18,2022-01-29,222,42792.0,42792.0
18,19,2022-02-05,222,43124.0,43124.0
19,20,2022-02-12,222,43646.0,43646.0
20,21,2022-02-19,222,44168.0,44168.0
21,22,2022-02-26,222,44299.0,44299.0
22,23,2022-03-05,222,44841.0,44841.0
23,24,2022-03-12,222,45433.0,45433.0
24,25,2022-03-19,222,46078.0,46078.0
25,26,2022-03-26,222,46839.0,46839.0
26,27,2022-04-02,222,47638.0,47638.0
27,28,2022-04-09,222,,47638.0
28,29,2022-04-16,222,,47638.0
0,1,2021-10-02,223,45626.0,45626.0
1,2,2021-10-09,223,46299.0,46299.0
2,3,2021-10-16,223,46680.0,46680.0
3,4,2021-10-23,223,47080.0,47080.0
4,5,2021-10-30,223,47678.0,47678.0
5,6,2021-11-06,223,48072.0,48072.0
6,7,2021-11-13,223,48616.0,48616.0
7,8,2021-11-20,223,49057.0,49057.0
8,9,2021-11-27,223,49237.0,49237.0
9,10,2021-12-04,223,49447.0,49447.0
10,11,2021-12-11,223,49714.0,49714.0
11,12,2021-12-18,223,50070.0,50070.0
12,13,2021-12-25,223,50214.0,50214.0
13,14,2022-01-01,223,50352.0,50352.0
14,15,2022-01-08,223,50918.0,50918.0
15,16,2022-01-15,223,51131.0,51131.0
16,17,2022-01-22,223,51426.0,51426.0
17,18,2022-01-29,223,51815.0,51815.0
18,19,2022-02-05,223,51961.0,51961.0
19,20,2022-02-12,223,52284.0,52284.0
20,21,2022-02-19,223,52533.0,52533.0
21,22,2022-02-26,223,53033.0,53033.0
22,23,2022-03-05,223,53552.0,53552.0
23,24,2022-03-12,223,53976.0,53976.0
24,25,2022-03-19,223,54511.0,54511.0
25,26,2022-03-26,223,54939.0,54939.0
26,27,2022-04-02,223,55394.0,55394.0
27,28,2022-04-09,223,,55394.0
28,29,2022-04-16,223,,55394.0
0,1,2021-10-02,225,,
1,2,2021-10-09,225,64565.0,64565.0
2,3,2021-10-16,225,64998.0,64998.0
3,4,2021-10-23,225,65550.0,65550.0
4,5,2021-10-30,225,66068.0,66068.0
5,6,2021-11-06,225,66714.0,66714.0
6,7,2021-11-13,225,67238.0,67238.0
7,8,2021-11-20,225,68062.0,68062.0
8,9,2021-11-27,225,68200.0,68200.0
9,10,2021-12-04,225,68815.0,68815.0
10,11,2021-12-11,225,69480.0,69480.0
11,12,2021-12-18,225,70037.0,70037.0
12,13,2021-12-25,225,,70347.0
13,14,2022-01-01,225,,70657.0
14,15,2022-01-08,225,,70967.0
15,16,2022-01-15,225,71277.0,71277.0
16,17,2022-01-22,225,71809.0,71809.0
17,18,2022-01-29,225,72269.0,72269.0
18,19,2022-02-05,225,72641.0,72641.0
19,20,2022-02-12,225,,73028.0
20,21,2022-02-19,225,73415.0,73415.0
21,22,2022-02-26,225,73827.0,73827.0
22,23,2022-03-05,225,74229.0,74229.0
23,24,2022-03-12,225,74562.0,74562.0
24,25,2022-03-19,225,74932.0,74932.0
25,26,2022-03-26,225,75499.0,75499.0
26,27,2022-04-02,225,76145.0,76145.0
27,28,2022-04-09,225,,76708.0
28,29,2022-04-16,225,77271.0,77271.0
0,1,2021-10-02,227,61603.0,61603.0
1,2,2021-10-09,227,62373.0,62373.0
2,3,2021-10-16,227,,62959.5
3,4,2021-10-23,227,63546.0,63546.0
4,5,2021-10-30,227,64388.0,64388.0
5,6,2021-11-06,227,64810.0,64810.0
6,7,2021-11-13,227,65202.0,65202.0
7,8,2021-11-20,227,65492.0,65492.0
8,9,2021-11-27,227,,66062.0
9,10,2021-12-04,227,66632.0,66632.0
10,11,2021-12-11,227,67774.0,67774.0
11,12,2021-12-18,227,69270.0,69270.0
12,13,2021-12-25,227,70314.0,70314.0
13,14,2022-01-01,227,70904.0,70904.0
14,15,2022-01-08,227,71186.0,71186.0
15,16,2022-01-15,227,72056.0,72056.0
16,17,2022-01-22,227,,72535.0
17,18,2022-01-29,227,73014.0,73014.0
18,19,2022-02-05,227,73354.0,73354.0
19,20,2022-02-12,227,74414.0,74414.0
20,21,2022-02-19,227,74964.0,74964.0
21,22,2022-02-26,227,75302.0,75302.0
22,23,2022-03-05,227,76314.0,76314.0
23,24,2022-03-12,227,76810.0,76810.0
24,25,2022-03-19,227,77354.0,77354.0
25,26,2022-03-26,227,,77354.0
26,27,2022-04-02,227,,77354.0
27,28,2022-04-09,227,,77354.0
28,29,2022-04-16,227,,77354.0
0,1,2021-10-02,228,,
1,2,2021-10-09,228,,
2,3,2021-10-16,228,,
3,4,2021-10-23,228,26758.0,26758.0
4,5,2021-10-30,228,,26799.5
5,6,2021-11-06,228,,26841.0
6,7,2021-11-13,228,,26882.5
7,8,2021-11-20,228,26924.0,26924.0
8,9,2021-11-27,228,27124.0,27124.0
9,10,2021-12-04,228,27233.0,27233.0
10,11,2021-12-11,228,27376.0,27376.0
11,12,2021-12-18,228,27639.0,27639.0
12,13,2021-12-25,228,27925.0,27925.0
13,14,2022-01-01,228,28068.0,28068.0
14,15,2022-01-08,228,28257.0,28257.0
15,16,2022-01-15,228,28339.0,28339.0
16,17,2022-01-22,228,28841.0,28841.0
17,18,2022-01-29,228,29160.0,29160.0
18,19,2022-02-05,228,29295.0,29295.0
19,20,2022-02-12,228,,29743.5
20,21,2022-02-19,228,30192.0,30192.0
21,22,2022-02-26,228,30250.0,30250.0
22,23,2022-03-05,228,30875.0,30875.0
23,24,2022-03-12,228,30999.0,30999.0
24,25,2022-03-19,228,31190.0,31190.0
25,26,2022-03-26,228,31731.0,31731.0
26,27,2022-04-02,228,,31731.0
27,28,2022-04-09,228,,31731.0
28,29,2022-04-16,228,,31731.0
0,1,2021-10-02,229,,
1,2,2021-10-09,229,,
2,3,2021-10-16,229,,
3,4,2021-10-23,229,21945.0,21945.0
4,5,2021-10-30,229,22450.0,22450.0
5,6,2021-11-06,229,22874.0,22874.0
6,7,2021-11-13,229,23388.0,23388.0
7,8,2021-11-20,229,23779.0,23779.0
8,9,2021-11-27,229,24002.0,24002.0
9,10,2021-12-04,229,24438.0,24438.0
10,11,2021-12-11,229,,24857.0
11,12,2021-12-18,229,25276.0,25276.0
12,13,2021-12-25,229,25570.0,25570.0
13,14,2022-01-01,229,25927.0,25927.0
14,15,2022-01-08,229,26238.0,26238.0
15,16,2022-01-15,229,26676.0,26676.0
16,17,2022-01-22,229,27037.0,27037.0
17,18,2022-01-29,229,,27365.666666666668
18,19,2022-02-05,229,,27694.333333333332
19,20,2022-02-12,229,,28023.0
20,21,2022-02-19,229,,28351.666666666668
21,22,2022-02-26,229,,28680.333333333332
22,23,2022-03-05,229,29009.0,29009.0
23,24,2022-03-12,229,29300.0,29300.0
24,25,2022-03-19,229,,29713.5
25,26,2022-03-26,229,30127.0,30127.0
26,27,2022-04-02,229,,30127.0
27,28,2022-04-09,229,,30127.0
28,29,2022-04-16,229,,30127.0
0,1,2021-10-02,230,29119.0,29119.0
1,2,2021-10-09,230,29816.0,29816.0
2,3,2021-10-16,230,30301.0,30301.0
3,4,2021-10-23,230,31230.0,31230.0
4,5,2021-10-30,230,31911.0,31911.0
5,6,2021-11-06,230,32658.0,32658.0
6,7,2021-11-13,230,33548.0,33548.0
7,8,2021-11-20,230,34409.0,34409.0
8,9,2021-11-27,230,35223.0,35223.0
9,10,2021-12-04,230,35968.0,35968.0
10,11,2021-12-11,230,36760.0,36760.0
11,12,2021-12-18,230,37170.0,37170.0
12,13,2021-12-25,230,37814.0,37814.0
13,14,2022-01-01,230,38412.0,38412.0
14,15,2022-01-08,230,38787.0,38787.0
15,16,2022-01-15,230,39387.0,39387.0
16,17,2022-01-22,230,40062.0,40062.0
17,18,2022-01-29,230,40685.0,40685.0
18,19,2022-02-05,230,41246.0,41246.0
19,20,2022-02-12,230,41992.0,41992.0
20,21,2022-02-19,230,,42568.0
21,22,2022-02-26,230,43144.0,43144.0
22,23,2022-03-05,230,43611.0,43611.0
23,24,2022-03-12,230,,43611.0
24,25,2022-03-19,230,,43611.0
25,26,2022-03-26,230,,43611.0
26,27,2022-04-02,230,,43611.0
27,28,2022-04-09,230,,43611.0
28,29,2022-04-16,230,,43611.0
0,1,2021-10-02,233,40592.0,40592.0
1,2,2021-10-09,233,40781.0,40781.0
2,3,2021-10-16,233,41197.0,41197.0
3,4,2021-10-23,233,41379.0,41379.0
4,5,2021-10-30,233,41470.0,41470.0
5,6,2021-11-06,233,41894.0,41894.0
6,7,2021-11-13,233,42275.0,42275.0
7,8,2021-11-20,233,42554.0,42554.0
8,9,2021-11-27,233,42793.0,42793.0
9,10,2021-12-04,233,43026.0,43026.0
10,11,2021-12-11,233,43264.0,43264.0
11,12,2021-12-18,233,43849.0,43849.0
12,13,2021-12-25,233,,43900.666666666664
13,14,2022-01-01,233,,43952.333333333336
14,15,2022-01-08,233,44004.0,44004.0
15,16,2022-01-15,233,44510.0,44510.0
16,17,2022-01-22,233,,44674.5
17,18,2022-01-29,233,44839.0,44839.0
18,19,2022-02-05,233,,45191.666666666664
19,20,2022-02-12,233,,45544.333333333336
20,21,2022-02-19,233,45897.0,45897.0
21,22,2022-02-26,233,46476.0,46476.0
22,23,2022-03-05,233,46837.0,46837.0
23,24,2022-03-12,233,47177.0,47177.0
24,25,2022-03-19,233,47651.0,47651.0
25,26,2022-03-26,233,47994.0,47994.0
26,27,2022-04-02,233,48578.0,48578.0
27,28,2022-04-09,233,,48578.0
28,29,2022-04-16,233,,48578.0
0,1,2021-10-02,234,60400.0,60400.0
1,2,2021-10-09,234,61400.0,61400.0
2,3,2021-10-16,234,62307.0,62307.0
3,4,2021-10-23,234,,63189.5
4,5,2021-10-30,234,64072.0,64072.0
5,6,2021-11-06,234,64883.0,64883.0
6,7,2021-11-13,234,65500.0,65500.0
7,8,2021-11-20,234,66345.0,66345.0
8,9,2021-11-27,234,66783.0,66783.0
9,10,2021-12-04,234,67530.0,67530.0
10,11,2021-12-11,234,68070.0,68070.0
11,12,2021-12-18,234,68841.0,68841.0
12,13,2021-12-25,234,,69179.0
13,14,2022-01-01,234,69517.0,69517.0
14,15,2022-01-08,234,70263.0,70263.0
15,16,2022-01-15,234,71095.0,71095.0
16,17,2022-01-22,234,71751.0,71751.0
17,18,2022-01-29,234,72405.0,72405.0
18,19,2022-02-05,234,72832.0,72832.0
19,20,2022-02-12,234,73536.0,73536.0
20,21,2022-02-19,234,74000.0,74000.0
21,22,2022-02-26,234,74629.0,74629.0
22,23,2022-03-05,234,75805.0,75805.0
23,24,2022-03-12,234,76240.0,76240.0
24,25,2022-03-19,234,76994.0,76994.0
25,26,2022-03-26,234,77467.0,77467.0
26,27,2022-04-02,234,78000.0,78000.0
27,28,2022-04-09,234,,78000.0
28,29,2022-04-16,234,,78000.0
0,1,2021-10-02,235,36378.0,36378.0
1,2,2021-10-09,235,37110.0,37110.0
2,3,2021-10-16,235,37917.0,37917.0
3,4,2021-10-23,235,38715.0,38715.0
4,5,2021-10-30,235,39405.0,39405.0
5,6,2021-11-06,235,40161.0,40161.0
6,7,2021-11-13,235,40597.0,40597.0
7,8,2021-11-20,235,41512.0,41512.0
8,9,2021-11-27,235,41778.0,41778.0
9,10,2021-12-04,235,42222.0,42222.0
10,11,2021-12-11,235,42980.0,42980.0
11,12,2021-12-18,235,43122.0,43122.0
12,13,2021-12-25,235,43924.0,43924.0
13,14,2022-01-01,235,44508.0,44508.0
14,15,2022-01-08,235,45232.0,45232.0
15,16,2022-01-15,235,46203.0,46203.0
16,17,2022-01-22,235,46929.0,46929.0
17,18,2022-01-29,235,47791.0,47791.0
18,19,2022-02-05,235,48313.0,48313.0
19,20,2022-02-12,235,,48744.5
20,21,2022-02-19,235,49176.0,49176.0
21,22,2022-02-26,235,49797.0,49797.0
22,23,2022-03-05,235,50964.0,50964.0
23,24,2022-03-12,235,51237.0,51237.0
24,25,2022-03-19,235,,51951.0
25,26,2022-03-26,235,52665.0,52665.0
26,27,2022-04-02,235,53372.0,53372.0
27,28,2022-04-09,235,,53372.0
28,29,2022-04-16,235,,53372.0
0,1,2021-10-02,236,25173.0,25173.0
1,2,2021-10-09,236,25789.0,25789.0
2,3,2021-10-16,236,26204.0,26204.0
3,4,2021-10-23,236,26467.0,26467.0
4,5,2021-10-30,236,26813.0,26813.0
5,6,2021-11-06,236,27182.0,27182.0
6,7,2021-11-13,236,27576.0,27576.0
7,8,2021-11-20,236,27639.0,27639.0
8,9,2021-11-27,236,,27752.0
9,10,2021-12-04,236,27865.0,27865.0
10,11,2021-12-11,236,28139.0,28139.0
11,12,2021-12-18,236,28675.0,28675.0
12,13,2021-12-25,236,29005.0,29005.0
13,14,2022-01-01,236,29275.0,29275.0
14,15,2022-01-08,236,29463.0,29463.0
15,16,2022-01-15,236,29707.0,29707.0
16,17,2022-01-22,236,30153.0,30153.0
17,18,2022-01-29,236,30394.0,30394.0
18,19,2022-02-05,236,30600.0,30600.0
19,20,2022-02-12,236,30699.0,30699.0
20,21,2022-02-19,236,30997.0,30997.0
21,22,2022-02-26,236,31210.0,31210.0
22,23,2022-03-05,236,31393.0,31393.0
23,24,2022-03-12,236,32377.0,32377.0
24,25,2022-03-19,236,33000.0,33000.0
25,26,2022-03-26,236,33451.0,33451.0
26,27,2022-04-02,236,33881.0,33881.0
27,28,2022-04-09,236,,33881.0
28,29,2022-04-16,236,,33881.0
0,1,2021-10-02,237,26806.0,26806.0
1,2,2021-10-09,237,27353.0,27353.0
2,3,2021-10-16,237,27829.0,27829.0
3,4,2021-10-23,237,,28009.0
4,5,2021-10-30,237,28189.0,28189.0
5,6,2021-11-06,237,28271.0,28271.0
6,7,2021-11-13,237,,28650.0
7,8,2021-11-20,237,29029.0,29029.0
8,9,2021-11-27,237,29124.0,29124.0
9,10,2021-12-04,237,29347.0,29347.0
10,11,2021-12-11,237,29663.0,29663.0
11,12,2021-12-18,237,30054.0,30054.0
12,13,2021-12-25,237,30222.0,30222.0
13,14,2022-01-01,237,,30289.0
14,15,2022-01-08,237,30356.0,30356.0
15,16,2022-01-15,237,30832.0,30832.0
16,17,2022-01-22,237,31194.0,31194.0
17,18,2022-01-29,237,31466.0,31466.0
18,19,2022-02-05,237,31636.0,31636.0
19,20,2022-02-12,237,31949.0,31949.0
20,21,2022-02-19,237,32215.0,32215.0
21,22,2022-02-26,237,32290.0,32290.0
22,23,2022-03-05,237,32656.0,32656.0
23,24,2022-03-12,237,,32905.0
24,25,2022-03-19,237,,33154.0
25,26,2022-03-26,237,33403.0,33403.0
26,27,2022-04-02,237,,33403.0
27,28,2022-04-09,237,,33403.0
28,29,2022-04-16,237,,33403.0
0,1,2021-10-02,240,,
1,2,2021-10-09,240,74425.0,74425.0
2,3,2021-10-16,240,74866.0,74866.0
3,4,2021-10-23,240,74955.0,74955.0
4,5,2021-10-30,240,75195.0,75195.0
5,6,2021-11-06,240,75525.0,75525.0
6,7,2021-11-13,240,75855.0,75855.0
7,8,2021-11-20,240,76090.0,76090.0
8,9,2021-11-27,240,76125.0,76125.0
9,10,2021-12-04,240,76695.0,76695.0
10,11,2021-12-11,240,76775.0,76775.0
11,12,2021-12-18,240,77150.0,77150.0
12,13,2021-12-25,240,77690.0,77690.0
13,14,2022-01-01,240,,77842.5
14,15,2022-01-08,240,77995.0,77995.0
15,16,2022-01-15,240,78294.0,78294.0
16,17,2022-01-22,240,78780.0,78780.0
17,18,2022-01-29,240,78800.0,78800.0
18,19,2022-02-05,240,78970.0,78970.0
19,20,2022-02-12,240,,79405.0
20,21,2022-02-19,240,79840.0,79840.0
21,22,2022-02-26,240,,80147.5
22,23,2022-03-05,240,80455.0,80455.0
23,24,2022-03-12,240,80525.0,80525.0
24,25,2022-03-19,240,80560.0,80560.0
25,26,2022-03-26,240,80825.0,80825.0
26,27,2022-04-02,240,80950.0,80950.0
27,28,2022-04-09,240,,80950.0
28,29,2022-04-16,240,,80950.0
0,1,2021-10-02,241,26484.0,26484.0
1,2,2021-10-09,241,26768.0,26768.0
2,3,2021-10-16,241,27085.0,27085.0
3,4,2021-10-23,241,27276.0,27276.0
4,5,2021-10-30,241,27611.0,27611.0
5,6,2021-11-06,241,28008.0,28008.0
6,7,2021-11-13,241,28262.0,28262.0
7,8,2021-11-20,241,28541.0,28541.0
8,9,2021-11-27,241,28858.0,28858.0
9,10,2021-12-04,241,29307.0,29307.0
10,11,2021-12-11,241,29615.0,29615.0
11,12,2021-12-18,241,30026.0,30026.0
12,13,2021-12-25,241,30400.0,30400.0
13,14,2022-01-01,241,30646.0,30646.0
14,15,2022-01-08,241,30797.0,30797.0
15,16,2022-01-15,241,30979.0,30979.0
16,17,2022-01-22,241,31178.0,31178.0
17,18,2022-01-29,241,31611.0,31611.0
18,19,2022-02-05,241,31961.0,31961.0
19,20,2022-02-12,241,32425.0,32425.0
20,21,2022-02-19,241,32809.0,32809.0
21,22,2022-02-26,241,32919.0,32919.0
22,23,2022-03-05,241,33323.0,33323.0
23,24,2022-03-12,241,33637.0,33637.0
24,25,2022-03-19,241,33736.0,33736.0
25,26,2022-03-26,241,34047.0,34047.0
26,27,2022-04-02,241,,34047.0
27,28,2022-04-09,241,,34047.0
28,29,2022-04-16,241,,34047.0
0,1,2021-10-02,242,15250.0,15250.0
1,2,2021-10-09,242,15510.0,15510.0
2,3,2021-10-16,242,15800.0,15800.0
3,4,2021-10-23,242,15930.0,15930.0
4,5,2021-10-30,242,16230.0,16230.0
5,6,2021-11-06,242,16650.0,16650.0
6,7,2021-11-13,242,16905.0,16905.0
7,8,2021-11-20,242,17055.0,17055.0
8,9,2021-11-27,242,17145.0,17145.0
9,10,2021-12-04,242,17330.0,17330.0
10,11,2021-12-11,242,17480.0,17480.0
11,12,2021-12-18,242,17630.0,17630.0
12,13,2021-12-25,242,,17730.0
13,14,2022-01-01,242,17830.0,17830.0
14,15,2022-01-08,242,18030.0,18030.0
15,16,2022-01-15,242,18410.0,18410.0
16,17,2022-01-22,242,18590.0,18590.0
17,18,2022-01-29,242,18870.0,18870.0
18,19,2022-02-05,242,19240.0,19240.0
19,20,2022-02-12,242,19640.0,19640.0
20,21,2022-02-19,242,19800.0,19800.0
21,22,2022-02-26,242,20160.0,20160.0
22,23,2022-03-05,242,20390.0,20390.0
23,24,2022-03-12,242,20645.0,20645.0
24,25,2022-03-19,242,20975.0,20975.0
25,26,2022-03-26,242,21605.0,21605.0
26,27,2022-04-02,242,22080.0,22080.0
27,28,2022-04-09,242,,22080.0
28,29,2022-04-16,242,,22080.0
0,1,2021-10-02,243,20521.0,20521.0
1,2,2021-10-09,243,20835.0,20835.0
2,3,2021-10-16,243,21054.0,21054.0
3,4,2021-10-23,243,21464.0,21464.0
4,5,2021-10-30,243,21632.0,21632.0
5,6,2021-11-06,243,22202.0,22202.0
6,7,2021-11-13,243,22405.0,22405.0
7,8,2021-11-20,243,22859.0,22859.0
8,9,2021-11-27,243,23001.0,23001.0
9,10,2021-12-04,243,23349.0,23349.0
10,11,2021-12-11,243,23729.0,23729.0
11,12,2021-12-18,243,23747.0,23747.0
12,13,2021-12-25,243,23802.0,23802.0
13,14,2022-01-01,243,23927.0,23927.0
14,15,2022-01-08,243,24273.0,24273.0
15,16,2022-01-15,243,24498.0,24498.0
16,17,2022-01-22,243,,24642.666666666668
17,18,2022-01-29,243,,24787.333333333332
18,19,2022-02-05,243,24932.0,24932.0
19,20,2022-02-12,243,25184.0,25184.0
20,21,2022-02-19,243,25262.0,25262.0
21,22,2022-02-26,243,25389.0,25389.0
22,23,2022-03-05,243,25559.0,25559.0
23,24,2022-03-12,243,25681.0,25681.0
24,25,2022-03-19,243,26198.0,26198.0
25,26,2022-03-26,243,26214.0,26214.0
26,27,2022-04-02,243,,26214.0
27,28,2022-04-09,243,,26214.0
28,29,2022-04-16,243,,26214.0
0,1,2021-10-02,244,,
1,2,2021-10-09,244,,
2,3,2021-10-16,244,,
3,4,2021-10-23,244,,
4,5,2021-10-30,244,39055.0,39055.0
5,6,2021-11-06,244,39567.0,39567.0
6,7,2021-11-13,244,40335.0,40335.0
7,8,2021-11-20,244,40981.0,40981.0
8,9,2021-11-27,244,,41619.2
9,10,2021-12-04,244,,42257.4
10,11,2021-12-11,244,,42895.6
11,12,2021-12-18,244,,43533.8
12,13,2021-12-25,244,44172.0,44172.0
13,14,2022-01-01,244,44450.0,44450.0
14,15,2022-01-08,244,,44671.0
15,16,2022-01-15,244,44892.0,44892.0
16,17,2022-01-22,244,45318.0,45318.0
17,18,2022-01-29,244,45925.0,45925.0
18,19,2022-02-05,244,46798.0,46798.0
19,20,2022-02-12,244,47225.0,47225.0
20,21,2022-02-19,244,48121.0,48121.0
21,22,2022-02-26,244,48695.0,48695.0
22,23,2022-03-05,244,49450.0,49450.0
23,24,2022-03-12,244,50005.0,50005.0
24,25,2022-03-19,244,51120.0,51120.0
25,26,2022-03-26,244,51375.0,51375.0
26,27,2022-04-02,244,,51375.0
27,28,2022-04-09,244,,51375.0
28,29,2022-04-16,244,,51375.0
0,1,2021-10-02,245,16527.0,16527.0
1,2,2021-10-09,245,16861.0,16861.0
2,3,2021-10-16,245,17149.0,17149.0
3,4,2021-10-23,245,17441.0,17441.0
4,5,2021-10-30,245,17821.0,17821.0
5,6,2021-11-06,245,,18134.5
6,7,2021-11-13,245,18448.0,18448.0
7,8,2021-11-20,245,18826.0,18826.0
8,9,2021-11-27,245,19050.0,19050.0
9,10,2021-12-04,245,19426.0,19426.0
10,11,2021-12-11,245,19890.0,19890.0
11,12,2021-12-18,245,20320.0,20320.0
12,13,2021-12-25,245,20815.0,20815.0
13,14,2022-01-01,245,21400.0,21400.0
14,15,2022-01-08,245,22457.0,22457.0
15,16,2022-01-15,245,,22632.5
16,17,2022-01-22,245,22808.0,22808.0
17,18,2022-01-29,245,23447.0,23447.0
18,19,2022-02-05,245,23986.0,23986.0
19,20,2022-02-12,245,24868.0,24868.0
20,21,2022-02-19,245,,25030.0
21,22,2022-02-26,245,25192.0,25192.0
22,23,2022-03-05,245,25683.0,25683.0
23,24,2022-03-12,245,26220.0,26220.0
24,25,2022-03-19,245,26465.0,26465.0
25,26,2022-03-26,245,27034.0,27034.0
26,27,2022-04-02,245,,27034.0
27,28,2022-04-09,245,,27034.0
28,29,2022-04-16,245,,27034.0
0,1,2021-10-02,246,15340.0,15340.0
1,2,2021-10-09,246,15666.0,15666.0
2,3,2021-10-16,246,16115.0,16115.0
3,4,2021-10-23,246,16414.0,16414.0
4,5,2021-10-30,246,16867.0,16867.0
5,6,2021-11-06,246,16989.0,16989.0
6,7,2021-11-13,246,17318.0,17318.0
7,8,2021-11-20,246,17613.0,17613.0
8,9,2021-11-27,246,17977.0,17977.0
9,10,2021-12-04,246,18222.0,18222.0
10,11,2021-12-11,246,18498.0,18498.0
11,12,2021-12-18,246,18743.0,18743.0
12,13,2021-12-25,246,18969.0,18969.0
13,14,2022-01-01,246,19111.0,19111.0
14,15,2022-01-08,246,19368.0,19368.0
15,16,2022-01-15,246,19632.0,19632.0
16,17,2022-01-22,246,19896.0,19896.0
17,18,2022-01-29,246,20173.0,20173.0
18,19,2022-02-05,246,,20436.0
19,20,2022-02-12,246,,20699.0
20,21,2022-02-19,246,20962.0,20962.0
21,22,2022-02-26,246,21258.0,21258.0
22,23,2022-03-05,246,21597.0,21597.0
23,24,2022-03-12,246,21861.0,21861.0
24,25,2022-03-19,246,22142.0,22142.0
25,26,2022-03-26,246,,22142.0
26,27,2022-04-02,246,,22142.0
27,28,2022-04-09,246,,22142.0
28,29,2022-04-16,246,,22142.0
0,1,2021-10-02,248,13565.0,13565.0
1,2,2021-10-09,248,14315.0,14315.0
2,3,2021-10-16,248,15042.0,15042.0
3,4,2021-10-23,248,15637.0,15637.0
4,5,2021-10-30,248,16258.0,16258.0
5,6,2021-11-06,248,16999.0,16999.0
6,7,2021-11-13,248,17674.0,17674.0
7,8,2021-11-20,248,18135.0,18135.0
8,9,2021-11-27,248,,20329.0
9,10,2021-12-04,248,,22523.0
10,11,2021-12-11,248,,24717.0
11,12,2021-12-18,248,,26911.0
12,13,2021-12-25,248,,29105.0
13,14,2022-01-01,248,,31299.0
14,15,2022-01-08,248,,33493.0
15,16,2022-01-15,248,,35687.0
16,17,2022-01-22,248,,37881.0
17,18,2022-01-29,248,40075.0,40075.0
18,19,2022-02-05,248,40820.0,40820.0
19,20,2022-02-12,248,,41732.5
20,21,2022-02-19,248,42645.0,42645.0
21,22,2022-02-26,248,43555.0,43555.0
22,23,2022-03-05,248,44225.0,44225.0
23,24,2022-03-12,248,45195.0,45195.0
24,25,2022-03-19,248,,46047.5
25,26,2022-03-26,248,46900.0,46900.0
26,27,2022-04-02,248,,46900.0
27,28,2022-04-09,248,,46900.0
28,29,2022-04-16,248,,46900.0
0,1,2021-10-02,249,,
1,2,2021-10-09,249,31697.0,31697.0
2,3,2021-10-16,249,31885.0,31885.0
3,4,2021-10-23,249,31996.0,31996.0
4,5,2021-10-30,249,32185.0,32185.0
5,6,2021-11-06,249,32410.0,32410.0
6,7,2021-11-13,249,32680.0,32680.0
7,8,2021-11-20,249,32843.0,32843.0
8,9,2021-11-27,249,32867.0,32867.0
9,10,2021-12-04,249,33130.0,33130.0
10,11,2021-12-11,249,33291.0,33291.0
11,12,2021-12-18,249,33530.0,33530.0
12,13,2021-12-25,249,,33649.25
13,14,2022-01-01,249,,33768.5
14,15,2022-01-08,249,,33887.75
15,16,2022-01-15,249,34007.0,34007.0
16,17,2022-01-22,249,34193.0,34193.0
17,18,2022-01-29,249,34446.0,34446.0
18,19,2022-02-05,249,34643.0,34643.0
19,20,2022-02-12,249,,34831.5
20,21,2022-02-19,249,35020.0,35020.0
21,22,2022-02-26,249,35148.0,35148.0
22,23,2022-03-05,249,35349.0,35349.0
23,24,2022-03-12,249,35545.0,35545.0
24,25,2022-03-19,249,35581.0,35581.0
25,26,2022-03-26,249,35721.0,35721.0
26,27,2022-04-02,249,35904.0,35904.0
27,28,2022-04-09,249,,35904.0
28,29,2022-04-16,249,,35904.0
0,1,2021-10-02,250,,
1,2,2021-10-09,250,37869.0,37869.0
2,3,2021-10-16,250,38246.0,38246.0
3,4,2021-10-23,250,38710.0,38710.0
4,5,2021-10-30,250,39106.0,39106.0
5,6,2021-11-06,250,39431.0,39431.0
6,7,2021-11-13,250,39921.0,39921.0
7,8,2021-11-20,250,,40127.0
8,9,2021-11-27,250,40333.0,40333.0
9,10,2021-12-04,250,40673.0,40673.0
10,11,2021-12-11,250,40981.0,40981.0
11,12,2021-12-18,250,41293.0,41293.0
12,13,2021-12-25,250,41501.0,41501.0
13,14,2022-01-01,250,,41607.0
14,15,2022-01-08,250,,41713.0
15,16,2022-01-15,250,41819.0,41819.0
16,17,2022-01-22,250,42652.0,42652.0
17,18,2022-01-29,250,,42809.8
18,19,2022-02-05,250,,42967.6
19,20,2022-02-12,250,,43125.4
20,21,2022-02-19,250,,43283.2
21,22,2022-02-26,250,43441.0,43441.0
22,23,2022-03-05,250,43630.0,43630.0
23,24,2022-03-12,250,44092.0,44092.0
24,25,2022-03-19,250,44618.0,44618.0
25,26,2022-03-26,250,44948.0,44948.0
26,27,2022-04-02,250,,44948.0
27,28,2022-04-09,250,,44948.0
28,29,2022-04-16,250,,44948.0
0,1,2021-10-02,251,4146.0,4146.0
1,2,2021-10-09,251,4675.0,4675.0
2,3,2021-10-16,251,5076.0,5076.0
3,4,2021-10-23,251,5394.0,5394.0
4,5,2021-10-30,251,5863.0,5863.0
5,6,2021-11-06,251,6406.0,6406.0
6,7,2021-11-13,251,6914.0,6914.0
7,8,2021-11-20,251,7328.0,7328.0
8,9,2021-11-27,251,7860.0,7860.0
9,10,2021-12-04,251,8851.0,8851.0
10,11,2021-12-11,251,9788.0,9788.0
11,12,2021-12-18,251,10619.0,10619.0
12,13,2021-12-25,251,11315.0,11315.0
13,14,2022-01-01,251,12096.0,12096.0
14,15,2022-01-08,251,12983.0,12983.0
15,16,2022-01-15,251,13881.0,13881.0
16,17,2022-01-22,251,14653.0,14653.0
17,18,2022-01-29,251,,15005.0
18,19,2022-02-05,251,,15357.0
19,20,2022-02-12,251,15709.0,15709.0
20,21,2022-02-19,251,16558.0,16558.0
21,22,2022-02-26,251,17251.0,17251.0
22,23,2022-03-05,251,18243.0,18243.0
23,24,2022-03-12,251,19355.0,19355.0
24,25,2022-03-19,251,20142.0,20142.0
25,26,2022-03-26,251,21148.0,21148.0
26,27,2022-04-02,251,,21148.0
27,28,2022-04-09,251,,21148.0
28,29,2022-04-16,251,,21148.0
0,1,2021-10-02,252,2384.0,2384.0
1,2,2021-10-09,252,3085.0,3085.0
2,3,2021-10-16,252,3209.0,3209.0
3,4,2021-10-23,252,3289.0,3289.0
4,5,2021-10-30,252,3305.0,3305.0
5,6,2021-11-06,252,3350.0,3350.0
6,7,2021-11-13,252,3391.0,3391.0
7,8,2021-11-20,252,3787.0,3787.0
8,9,2021-11-27,252,4130.0,4130.0
9,10,2021-12-04,252,4250.0,4250.0
10,11,2021-12-11,252,4329.0,4329.0
11,12,2021-12-18,252,4413.0,4413.0
12,13,2021-12-25,252,,4418.0
13,14,2022-01-01,252,,4423.0
14,15,2022-01-08,252,4428.0,4428.0
15,16,2022-01-15,252,4742.0,4742.0
16,17,2022-01-22,252,5388.0,5388.0
17,18,2022-01-29,252,5997.0,5997.0
18,19,2022-02-05,252,6025.0,6025.0
19,20,2022-02-12,252,,6477.0
20,21,2022-02-19,252,6929.0,6929.0
21,22,2022-02-26,252,6971.0,6971.0
22,23,2022-03-05,252,7241.0,7241.0
23,24,2022-03-12,252,7319.0,7319.0
24,25,2022-03-19,252,7445.0,7445.0
25,26,2022-03-26,252,7636.0,7636.0
26,27,2022-04-02,252,,7636.0
27,28,2022-04-09,252,,7636.0
28,29,2022-04-16,252,,7636.0
0,1,2021-10-02,738,110940.0,110940.0
1,2,2021-10-09,738,111879.0,111879.0
2,3,2021-10-16,738,112478.0,112478.0
3,4,2021-10-23,738,113155.0,113155.0
4,5,2021-10-30,738,113881.0,113881.0
5,6,2021-11-06,738,114750.0,114750.0
6,7,2021-11-13,738,115520.0,115520.0
7,8,2021-11-20,738,116455.0,116455.0
8,9,2021-11-27,738,117049.0,117049.0
9,10,2021-12-04,738,117887.0,117887.0
10,11,2021-12-11,738,118586.0,118586.0
11,12,2021-12-18,738,119419.0,119419.0
12,13,2021-12-25,738,119877.0,119877.0
13,14,2022-01-01,738,,120110.0
14,15,2022-01-08,738,120343.0,120343.0
15,16,2022-01-15,738,121062.0,121062.0
16,17,2022-01-22,738,121230.0,121230.0
17,18,2022-01-29,738,121919.0,121919.0
18,19,2022-02-05,738,122778.0,122778.0
19,20,2022-02-12,738,,123649.0
20,21,2022-02-19,738,124520.0,124520.0
21,22,2022-02-26,738,124966.0,124966.0
22,23,2022-03-05,738,125852.0,125852.0
23,24,2022-03-12,738,126143.0,126143.0
24,25,2022-03-19,738,126985.0,126985.0
25,26,2022-03-26,738,127678.0,127678.0
26,27,2022-04-02,738,,127678.0
27,28,2022-04-09,738,,127678.0
28,29,2022-04-16,738,,127678.0
0,1,2021-10-02,739,,
1,2,2021-10-09,739,181698.0,181698.0
2,3,2021-10-16,739,182261.0,182261.0
3,4,2021-10-23,739,182767.0,182767.0
4,5,2021-10-30,739,183270.0,183270.0
5,6,2021-11-06,739,183743.0,183743.0
6,7,2021-11-13,739,184190.0,184190.0
7,8,2021-11-20,739,184325.0,184325.0
8,9,2021-11-27,739,,184413.0
9,10,2021-12-04,739,,184501.0
10,11,2021-12-11,739,184589.0,184589.0
11,12,2021-12-18,739,184689.0,184689.0
12,13,2021-12-25,739,,184968.75
13,14,2022-01-01,739,,185248.5
14,15,2022-01-08,739,,185528.25
15,16,2022-01-15,739,185808.0,185808.0
16,17,2022-01-22,739,186260.0,186260.0
17,18,2022-01-29,739,186747.0,186747.0
18,19,2022-02-05,739,187189.0,187189.0
19,20,2022-02-12,739,,187578.0
20,21,2022-02-19,739,187967.0,187967.0
21,22,2022-02-26,739,188294.0,188294.0
22,23,2022-03-05,739,188754.0,188754.0
23,24,2022-03-12,739,189162.0,189162.0
24,25,2022-03-19,739,189680.0,189680.0
25,26,2022-03-26,739,190291.0,190291.0
26,27,2022-04-02,739,190882.0,190882.0
27,28,2022-04-09,739,191559.0,191559.0
28,29,2022-04-16,739,192187.0,192187.0
0,1,2021-10-02,740,,
1,2,2021-10-09,740,127134.0,127134.0
2,3,2021-10-16,740,127458.0,127458.0
3,4,2021-10-23,740,128156.0,128156.0
4,5,2021-10-30,740,128684.0,128684.0
5,6,2021-11-06,740,129226.0,129226.0
6,7,2021-11-13,740,,129742.5
7,8,2021-11-20,740,130259.0,130259.0
8,9,2021-11-27,740,,130647.0
9,10,2021-12-04,740,131035.0,131035.0
10,11,2021-12-11,740,,131572.5
11,12,2021-12-18,740,132110.0,132110.0
12,13,2021-12-25,740,132662.0,132662.0
13,14,2022-01-01,740,,132847.5
14,15,2022-01-08,740,133033.0,133033.0
15,16,2022-01-15,740,,133563.5
16,17,2022-01-22,740,134094.0,134094.0
17,18,2022-01-29,740,134473.0,134473.0
18,19,2022-02-05,740,134662.0,134662.0
19,20,2022-02-12,740,135205.0,135205.0
20,21,2022-02-19,740,135562.0,135562.0
21,22,2022-02-26,740,135669.0,135669.0
22,23,2022-03-05,740,136276.0,136276.0
23,24,2022-03-12,740,136685.0,136685.0
24,25,2022-03-19,740,,137194.5
25,26,2022-03-26,740,137704.0,137704.0
26,27,2022-04-02,740,,137704.0
27,28,2022-04-09,740,,137704.0
28,29,2022-04-16,740,,137704.0
0,1,2021-10-02,741,196075.0,196075.0
1,2,2021-10-09,741,196325.0,196325.0
2,3,2021-10-16,741,196625.0,196625.0
3,4,2021-10-23,741,196975.0,196975.0
4,5,2021-10-30,741,197425.0,197425.0
5,6,2021-11-06,741,197800.0,197800.0
6,7,2021-11-13,741,,198112.5
7,8,2021-11-20,741,198425.0,198425.0
8,9,2021-11-27,741,198700.0,198700.0
9,10,2021-12-04,741,,198950.0
10,11,2021-12-11,741,199200.0,199200.0
11,12,2021-12-18,741,,199425.0
12,13,2021-12-25,741,199650.0,199650.0
13,14,2022-01-01,741,,199875.0
14,15,2022-01-08,741,200100.0,200100.0
15,16,2022-01-15,741,200500.0,200500.0
16,17,2022-01-22,741,200850.0,200850.0
17,18,2022-01-29,741,,201100.0
18,19,2022-02-05,741,201350.0,201350.0
19,20,2022-02-12,741,,201625.0
20,21,2022-02-19,741,201900.0,201900.0
21,22,2022-02-26,741,202150.0,202150.0
22,23,2022-03-05,741,202450.0,202450.0
23,24,2022-03-12,741,202650.0,202650.0
24,25,2022-03-19,741,,202892.5
25,26,2022-03-26,741,203135.0,203135.0
26,27,2022-04-02,741,,203135.0
27,28,2022-04-09,741,,203135.0
28,29,2022-04-16,741,,203135.0
0,1,2021-10-02,743,,
1,2,2021-10-09,743,152406.0,152406.0
2,3,2021-10-16,743,152907.0,152907.0
3,4,2021-10-23,743,153720.0,153720.0
4,5,2021-10-30,743,154364.0,154364.0
5,6,2021-11-06,743,154811.0,154811.0
6,7,2021-11-13,743,155226.0,155226.0
7,8,2021-11-20,743,155232.0,155232.0
8,9,2021-11-27,743,155581.0,155581.0
9,10,2021-12-04,743,155947.0,155947.0
10,11,2021-12-11,743,156207.0,156207.0
11,12,2021-12-18,743,156658.0,156658.0
12,13,2021-12-25,743,,156819.0
13,14,2022-01-01,743,,156980.0
14,15,2022-01-08,743,,157141.0
15,16,2022-01-15,743,157302.0,157302.0
16,17,2022-01-22,743,157700.0,157700.0
17,18,2022-01-29,743,157919.0,157919.0
18,19,2022-02-05,743,158327.0,158327.0
19,20,2022-02-12,743,,158720.0
20,21,2022-02-19,743,159113.0,159113.0
21,22,2022-02-26,743,159340.0,159340.0
22,23,2022-03-05,743,159632.0,159632.0
23,24,2022-03-12,743,159838.0,159838.0
24,25,2022-03-19,743,160178.0,160178.0
25,26,2022-03-26,743,160460.0,160460.0
26,27,2022-04-02,743,160835.0,160835.0
27,28,2022-04-09,743,161228.0,161228.0
28,29,2022-04-16,743,161527.0,161527.0
0,1,2021-10-02,746,140385.0,140385.0
1,2,2021-10-09,746,141121.0,141121.0
2,3,2021-10-16,746,,141572.0
3,4,2021-10-23,746,142023.0,142023.0
4,5,2021-10-30,746,,143012.0
5,6,2021-11-06,746,144001.0,144001.0
6,7,2021-11-13,746,145100.0,145100.0
7,8,2021-11-20,746,145964.0,145964.0
8,9,2021-11-27,746,,146096.0
9,10,2021-12-04,746,,146228.0
10,11,2021-12-11,746,,146360.0
11,12,2021-12-18,746,,146492.0
12,13,2021-12-25,746,146624.0,146624.0
13,14,2022-01-01,746,,146682.0
14,15,2022-01-08,746,146740.0,146740.0
15,16,2022-01-15,746,,147003.5
16,17,2022-01-22,746,147267.0,147267.0
17,18,2022-01-29,746,147710.0,147710.0
18,19,2022-02-05,746,148060.0,148060.0
19,20,2022-02-12,746,148415.0,148415.0
20,21,2022-02-19,746,148883.0,148883.0
21,22,2022-02-26,746,149089.0,149089.0
22,23,2022-03-05,746,149318.0,149318.0
23,24,2022-03-12,746,149613.0,149613.0
24,25,2022-03-19,746,,149860.0
25,26,2022-03-26,746,150107.0,150107.0
26,27,2022-04-02,746,,150107.0
27,28,2022-04-09,746,,150107.0
28,29,2022-04-16,746,,150107.0
